{"cameraMode":{"drawMode":0,"name":"Shaded","section":"Shading Mode"},"sceneLighting":false,"audioPlay":false,"sceneViewState":{"m_AlwaysRefresh":false,"showFog":true,"showSkybox":true,"showFlares":true,"showImageEffects":true,"showParticleSystems":true,"showVisualEffectGraphs":true,"m_FxEnabled":true},"in2DMode":false,"pivot":{"x":-37.7849006652832,"y":17.091100692749025,"z":44.113548278808597},"rotation":{"x":-0.1524449586868286,"y":0.06286045908927918,"z":-0.009334925562143326,"w":-0.9864064455032349},"size":0.5956302881240845,"orthographic":false}